Year,CPI
2010,100
2011,118.677732277071
2012,129.471120024261
2013,138.006729874285
2014,143.643689923265
2015,144.550370194288
2016,148.407332801278
2017,153.631652156685
2018,159.069641224583
2019,163.516947912918
2020,168.783721483338
2021,171.880422664063